second,avg_latency_ms_consul,throughput_consul,cumulative_throughput_consul,avg_cpu_consul,avg_memory_mb_consul,avg_latency_ms_etcd3,throughput_etcd3,cumulative_throughput_etcd3,avg_cpu_etcd3,avg_memory_mb_etcd3,avg_latency_ms_etcd2,throughput_etcd2,cumulative_throughput_etcd2,avg_cpu_etcd2,avg_memory_mb_etcd2,avg_latency_ms_zk,throughput_zk,cumulative_throughput_zk,avg_cpu_zk,avg_memory_mb_zk
0,13.021351,13,13,1.19,19.68,4.484004,64,64,1.97,27.23,4.542534,51,51,1.25,35.70,4.789226,186,186,5.12,63.42
1,14.669485,69,82,1.30,19.88,4.298409,232,296,2.68,29.73,4.165192,239,290,1.27,35.70,4.131589,242,428,6.31,69.37
2,14.199301,70,152,1.43,19.99,4.484877,223,519,3.30,33.46,4.200477,238,528,1.31,37.43,3.987953,251,679,7.26,74.33
3,13.857661,72,224,1.56,19.99,4.587855,218,737,3.92,35.94,4.040324,247,775,1.36,39.41,3.915353,255,934,7.71,77.70
4,14.155144,71,295,1.69,20.23,4.498676,222,959,4.47,37.66,4.157717,240,1015,1.41,40.81,3.965879,252,1186,8.11,81.12
5,13.764958,73,368,1.81,20.43,4.538581,219,1178,5.03,39.27,4.305007,232,1247,1.46,41.86,4.032202,248,1434,8.34,83.28
6,13.783243,72,440,1.94,20.52,4.557009,220,1398,5.54,40.35,4.096103,244,1491,1.51,42.83,4.090296,244,1678,8.56,85.96
7,13.726855,73,513,2.06,20.66,4.633686,216,1614,5.99,41.60,4.162375,240,1731,1.56,43.71,4.037908,248,1926,9.12,91.11
8,13.487712,74,587,2.16,20.66,4.396694,227,1841,6.47,42.65,3.987395,250,1981,1.61,45.65,4.112774,243,2169,9.27,94.49
9,14.370130,70,657,2.26,20.62,4.621301,217,2058,6.85,42.83,4.256282,235,2216,1.66,46.09,4.183339,239,2408,9.28,96.54
10,13.782453,72,729,2.37,20.71,4.524466,221,2279,7.25,42.91,4.115701,242,2458,1.71,46.61,4.030403,248,2656,9.45,99.32
11,13.744337,73,802,2.47,20.89,4.594128,217,2496,7.70,43.95,4.350559,230,2688,1.76,46.78,4.149093,241,2897,10.06,107.96
12,14.133778,70,872,2.57,20.97,4.617156,217,2713,8.04,44.13,4.393228,226,2914,1.81,47.04,4.204760,237,3134,10.14,108.99
13,14.378315,70,942,2.66,20.97,4.670691,214,2927,8.39,44.32,4.094764,245,3159,1.85,47.04,4.138998,242,3376,10.34,110.23
14,14.284070,70,1012,2.74,20.97,4.586600,218,3145,8.69,44.50,4.178178,239,3398,1.90,47.22,4.257727,235,3611,10.44,115.01
15,14.395045,70,1082,2.83,21.21,4.583382,217,3362,9.02,45.03,4.123677,242,3640,1.95,47.43,4.117293,242,3853,10.49,115.02
16,14.637570,68,1150,2.92,21.50,4.688668,214,3576,9.30,45.56,4.282763,233,3873,1.99,47.60,4.146554,242,4095,10.53,115.55
17,14.450892,69,1219,3.00,21.77,4.629460,215,3791,9.52,45.56,3.970297,251,4124,2.04,48.05,4.176817,239,4334,10.55,116.25
18,14.531104,69,1288,3.08,21.35,4.528328,221,4012,9.79,46.12,4.234554,236,4360,2.09,48.84,4.164437,240,4574,10.54,116.41
19,14.397510,69,1357,3.15,21.35,4.626603,216,4228,10.07,47.13,4.205715,237,4597,2.13,48.93,3.992785,250,4824,10.57,117.09
20,14.126538,71,1428,3.23,21.52,4.580167,219,4447,10.33,47.40,4.227011,237,4834,2.18,49.61,4.073229,246,5070,10.59,117.77
21,14.113058,71,1499,3.30,21.63,4.673123,214,4661,10.55,47.59,4.347615,229,5063,2.23,49.79,4.002408,250,5320,10.73,120.12
22,14.503586,69,1568,3.37,22.00,4.640516,215,4876,10.79,47.95,4.251374,235,5298,2.27,50.29,3.990761,250,5570,11.76,128.98
23,14.621472,68,1636,3.44,22.38,4.639665,216,5092,11.00,48.95,4.253649,235,5533,2.31,50.29,3.913927,255,5825,12.08,128.98
24,14.218627,71,1707,3.50,22.68,4.718423,211,5303,11.18,49.04,4.401100,226,5759,2.36,50.47,3.899313,257,6082,12.03,128.98
25,15.042446,66,1773,3.56,22.82,4.543591,220,5523,11.38,49.40,4.114951,243,6002,2.40,50.47,3.919834,255,6337,12.01,128.98
26,14.467638,69,1842,3.63,22.82,4.689957,214,5737,11.58,49.68,4.288098,233,6235,2.44,50.64,3.983447,251,6588,12.08,128.78
27,14.416802,69,1911,3.69,23.04,4.565722,215,5952,11.73,49.68,4.290594,233,6468,2.49,51.24,3.957203,252,6840,12.11,128.25
28,14.994769,67,1978,3.76,23.75,4.628910,219,6171,11.92,49.86,4.377855,228,6696,2.53,51.26,3.935565,254,7094,12.05,127.90
29,13.759270,73,2051,3.82,23.96,4.776986,210,6381,12.07,50.49,4.535633,220,6916,2.57,51.43,3.946656,253,7347,12.03,130.63
30,14.211051,70,2121,3.88,24.07,4.659037,214,6595,12.20,51.55,4.304821,232,7148,2.61,52.22,3.913849,255,7602,11.98,130.63
31,14.788489,68,2189,3.93,24.24,4.606457,217,6812,12.38,51.92,4.407114,226,7374,2.66,52.38,4.037766,248,7850,11.93,130.48
32,14.430908,69,2258,3.98,24.33,4.593098,217,7029,12.51,52.64,4.307935,232,7606,2.70,52.80,4.052787,247,8097,11.90,129.99
33,14.619156,68,2326,4.03,24.42,4.707425,212,7241,12.63,55.10,4.184183,238,7844,2.74,53.36,4.017194,249,8346,11.86,129.60
34,14.923142,67,2393,4.10,24.64,4.647798,215,7456,12.78,55.60,4.370743,229,8073,2.78,53.36,3.949235,253,8599,11.83,129.60
35,14.651334,69,2462,4.15,24.64,4.643295,215,7671,12.90,55.69,4.228645,236,8309,2.83,53.36,4.081005,245,8844,11.81,133.01
36,14.704574,68,2530,4.20,23.65,4.535980,221,7892,12.99,56.31,4.246488,235,8544,2.86,53.45,3.990436,250,9094,11.78,133.01
37,14.899318,66,2596,4.24,23.74,4.309431,232,8124,13.13,56.40,4.275979,233,8777,2.90,53.45,3.970216,252,9346,11.76,133.01
38,14.294103,70,2666,4.30,23.82,4.619920,216,8340,13.27,56.77,4.300315,232,9009,2.94,53.96,4.015676,249,9595,11.74,133.01
39,14.644146,69,2735,4.35,23.91,4.371139,229,8569,13.37,57.04,4.440152,225,9234,2.98,54.84,4.150025,241,9836,11.72,133.01
40,14.363809,69,2804,4.40,24.10,4.438484,225,8794,13.48,57.14,4.290624,231,9465,3.05,87.35,3.862334,259,10095,11.68,134.23
41,14.367563,70,2874,4.44,24.19,4.501576,222,9016,13.60,57.43,4.340756,231,9696,3.09,87.35,3.940316,253,10348,11.67,134.23
42,14.161210,71,2945,4.49,24.19,4.430605,226,9242,13.72,57.81,4.284406,232,9928,3.14,87.35,4.056539,247,10595,11.65,134.23
43,15.027791,66,3011,4.53,24.19,4.641582,215,9457,13.82,57.85,4.055090,247,10175,3.18,87.35,4.026287,248,10843,11.64,134.23
44,14.417979,70,3081,4.57,24.49,4.593010,218,9675,13.92,58.17,4.318596,231,10406,3.22,87.43,3.969140,252,11095,11.62,134.23
45,14.476599,69,3150,4.62,24.49,4.847239,206,9881,14.01,58.99,4.284412,233,10639,3.26,87.51,3.917845,255,11350,11.59,134.23
46,14.903899,67,3217,4.67,24.80,4.747693,211,10092,14.09,59.60,4.148138,241,10880,3.30,87.51,4.009763,249,11599,11.58,134.23
47,14.487714,69,3286,4.72,24.90,4.889848,204,10296,14.18,59.92,4.368736,228,11108,3.33,87.51,4.020293,249,11848,11.57,134.23
48,14.272284,70,3356,4.77,25.11,4.600074,217,10513,14.26,60.02,4.254639,235,11343,3.37,87.51,3.981662,251,12099,11.55,135.59
49,14.759979,68,3424,4.81,25.11,4.709222,213,10726,14.33,60.02,4.328224,231,11574,3.42,88.03,3.908148,256,12355,11.56,135.59
50,14.661322,67,3491,4.84,25.25,4.747884,210,10936,14.41,60.02,4.301418,232,11806,3.45,88.12,4.184107,239,12594,11.53,136.33
51,14.470338,70,3561,4.88,25.33,4.562379,219,11155,14.51,60.29,4.175443,239,12045,3.49,88.12,4.074213,245,12839,11.51,137.29
52,14.655566,68,3629,4.93,25.44,4.658775,215,11370,14.59,60.39,4.314218,231,12276,3.53,88.12,4.063379,246,13085,11.49,137.29
53,14.329326,70,3699,4.95,26.15,4.610537,217,11587,14.65,60.48,4.404251,226,12502,3.57,88.12,4.065349,246,13331,11.49,140.78
54,14.050528,71,3770,4.99,26.24,4.677363,213,11800,14.72,60.48,4.363293,230,12732,3.60,88.12,4.150924,241,13572,11.48,140.78
55,14.708726,68,3838,5.03,26.31,4.631372,216,12016,14.79,60.48,4.384482,227,12959,3.64,88.12,4.023873,248,13820,11.46,140.78
56,14.707188,68,3906,5.06,26.48,4.624082,216,12232,14.86,60.48,4.133511,242,13201,3.68,88.46,4.028415,248,14068,11.44,140.78
57,14.331231,70,3976,5.09,26.65,4.683906,214,12446,14.93,60.48,4.083524,244,13445,3.72,89.51,4.152186,241,14309,11.44,142.14
58,14.493692,69,4045,5.13,26.82,4.615459,216,12662,15.01,60.48,4.260629,234,13679,3.76,91.09,4.031817,247,14556,11.43,142.14
59,14.522335,69,4114,5.16,26.91,4.757923,210,12872,15.09,60.87,4.174768,239,13918,3.80,91.88,4.073485,246,14802,11.42,142.14
60,14.262102,70,4184,5.19,26.91,4.594733,218,13090,15.17,60.97,4.324511,231,14149,3.84,92.32,4.084103,245,15047,11.40,147.54
61,14.203612,70,4254,5.23,26.91,4.640833,215,13305,15.24,60.97,4.112230,243,14392,3.87,93.11,4.014782,249,15296,11.39,150.53
62,14.267443,70,4324,5.26,27.00,4.696934,213,13518,15.29,60.97,4.155635,240,14632,3.91,93.63,4.044972,247,15543,11.39,150.53
63,14.046765,71,4395,5.29,27.17,4.739676,211,13729,15.35,61.06,4.304034,232,14864,3.95,94.07,3.916666,255,15798,11.38,150.53
64,14.400647,70,4465,5.32,27.26,4.666449,214,13943,15.41,61.13,4.168454,240,15104,3.98,94.43,4.017109,249,16047,11.36,150.53
65,14.399432,69,4534,5.35,27.88,4.607767,217,14160,15.46,61.13,4.276859,233,15337,4.02,94.90,4.016886,248,16295,11.36,150.53
66,14.397237,70,4604,5.38,27.97,4.584657,218,14378,15.52,61.13,4.268432,234,15571,4.06,94.90,3.971770,253,16548,11.34,150.53
67,14.237853,70,4674,5.41,27.97,4.530785,220,14598,15.58,61.51,4.203411,237,15808,4.10,94.90,3.897483,256,16804,11.33,150.53
68,14.422700,69,4743,5.43,28.05,4.413734,227,14825,15.68,62.58,4.214911,237,16045,4.13,94.98,3.958817,253,17057,11.35,151.92
69,14.601216,68,4811,5.45,28.05,4.460267,224,15049,15.76,62.58,4.139471,241,16286,4.17,94.98,3.995109,250,17307,11.34,151.92
70,14.324254,70,4881,5.48,28.13,4.378586,228,15277,15.82,62.78,4.469832,223,16509,4.20,94.98,3.917178,255,17562,11.33,155.37
71,14.224471,70,4951,5.51,28.66,4.496749,222,15499,15.88,63.29,4.458950,224,16733,4.24,95.07,4.060308,246,17808,11.32,160.79
72,14.172613,71,5022,5.53,26.54,4.439991,224,15723,15.96,63.67,4.421152,226,16959,4.28,95.07,4.084639,245,18053,11.29,160.79
73,13.812220,73,5095,5.55,26.62,4.552605,220,15943,16.03,64.06,4.266230,233,17192,4.31,95.07,4.208938,238,18291,11.27,160.79
74,14.634819,68,5163,5.58,26.79,4.663769,215,16158,16.07,64.25,4.272777,235,17427,4.34,95.07,4.084174,243,18534,11.27,160.79
75,14.256924,70,5233,5.60,26.88,4.679524,213,16371,16.11,64.25,4.135455,241,17668,4.38,95.07,4.114634,244,18778,11.26,160.79
76,13.916693,72,5305,5.63,27.25,4.586096,218,16589,16.17,64.37,4.250146,235,17903,4.41,95.07,4.176942,239,19017,11.25,160.81
77,14.374612,69,5374,5.65,27.51,4.671332,214,16803,16.21,64.65,4.333103,230,18133,4.45,95.07,4.101346,244,19261,11.23,160.63
78,13.817858,72,5446,5.68,27.68,4.686663,213,17016,16.26,64.94,4.194209,238,18371,4.49,95.07,4.046960,247,19508,11.22,160.63
79,14.033813,72,5518,5.70,27.77,4.597930,216,17232,16.31,66.24,4.180681,239,18610,4.52,95.16,4.072871,246,19754,11.22,160.63
80,14.324019,70,5588,5.72,27.98,4.520876,222,17454,16.35,66.24,4.109670,243,18853,4.55,95.41,4.097023,244,19998,11.22,163.41
81,13.739759,73,5661,5.74,27.98,4.748862,211,17665,16.40,66.24,4.216726,237,19090,4.59,95.41,3.911112,255,20253,11.22,169.96
82,14.035261,71,5732,5.77,28.07,4.653063,214,17879,16.44,66.24,4.130104,242,19332,4.68,152.29,3.992028,251,20504,11.23,170.25
83,14.216827,70,5802,5.79,28.15,4.617380,217,18096,16.48,67.21,4.196681,237,19569,4.71,152.29,3.999506,250,20754,11.20,170.25
84,14.149510,71,5873,5.81,28.15,4.682219,213,18309,16.53,67.50,4.210053,238,19807,4.75,152.29,3.887116,256,21010,11.19,170.25
85,13.792262,72,5945,5.84,28.24,4.638555,216,18525,16.56,67.69,4.200477,237,20044,4.78,152.29,3.889672,258,21268,11.18,170.25
86,14.796545,68,6013,5.86,28.32,4.703435,212,18737,16.59,67.79,4.261768,234,20278,4.82,152.29,4.042237,247,21515,11.19,172.29
87,14.269357,70,6083,5.88,28.50,4.634201,216,18953,16.62,68.55,4.229839,237,20515,4.84,152.29,3.748549,267,21782,11.18,172.98
88,14.532299,69,6152,5.90,28.76,4.634785,215,19168,16.67,68.74,4.282134,233,20748,4.88,152.29,3.968088,252,22034,11.17,172.98
89,14.554817,68,6220,5.92,29.09,4.746790,211,19379,16.70,68.85,4.347216,230,20978,4.91,152.29,3.870928,258,22292,11.15,172.98
90,14.503883,69,6289,5.94,29.35,4.430240,226,19605,16.73,68.85,4.089758,244,21222,4.95,152.29,3.939936,253,22545,11.13,172.98
91,14.440164,69,6358,5.95,29.44,4.541219,220,19825,16.76,69.50,4.205039,237,21459,4.98,152.29,3.876201,258,22803,11.12,172.98
92,14.173300,71,6429,5.98,29.53,4.461320,223,20048,16.80,69.50,4.074549,246,21705,5.02,152.29,3.952261,253,23056,11.11,172.98
93,14.557219,69,6498,6.00,29.70,4.500198,223,20271,16.84,69.69,4.322009,231,21936,5.04,152.29,3.957485,253,23309,11.08,172.98
94,14.215128,70,6568,6.02,29.88,4.423470,225,20496,16.87,69.69,4.346702,229,22165,5.08,152.29,3.978839,251,23560,11.07,172.98
95,14.558332,69,6637,6.04,30.47,4.479932,224,20720,16.91,69.69,4.270214,234,22399,5.10,152.29,3.972425,252,23812,11.05,172.98
96,14.569458,68,6705,6.07,30.73,4.546378,219,20939,16.94,69.78,4.295255,232,22631,5.13,152.29,3.936039,253,24065,11.04,172.98
97,14.182946,71,6776,6.08,30.82,4.414543,227,21166,16.96,70.05,4.581768,218,22849,5.17,152.29,3.984645,252,24317,11.02,172.98
98,14.758855,68,6844,6.10,30.82,4.595732,217,21383,16.97,70.14,4.323192,231,23080,5.19,152.29,3.974545,251,24568,11.01,172.98
99,14.426582,69,6913,6.12,30.82,4.516755,222,21605,16.99,70.23,4.336574,230,23310,5.22,152.29,4.087391,244,24812,11.00,172.98
100,14.446409,68,6981,6.14,30.82,4.529789,220,21825,17.00,70.23,4.470721,223,23533,5.25,152.29,3.896087,257,25069,10.99,172.98
101,14.986737,68,7049,6.15,30.90,4.526571,221,22046,17.01,70.23,4.336664,230,23763,5.29,152.38,3.991511,251,25320,10.99,173.09
102,14.458132,69,7118,6.17,30.90,4.559752,219,22265,17.03,70.30,4.470094,223,23986,5.32,152.38,3.981807,251,25571,10.97,173.18
103,14.657259,67,7185,6.20,31.13,4.559831,219,22484,17.04,70.30,4.507935,222,24208,5.35,152.38,3.864494,257,25828,10.97,174.62
104,14.695099,69,7254,6.21,31.30,4.517854,221,22705,17.05,70.30,4.477504,223,24431,5.38,152.38,3.920874,256,26084,10.96,174.62
105,14.507401,69,7323,6.23,31.39,4.513350,222,22927,17.06,70.30,4.175205,239,24670,5.41,152.38,3.806467,263,26347,10.95,174.62
106,14.185664,71,7394,6.25,31.56,4.552788,219,23146,17.09,70.30,4.437938,225,24895,5.44,152.38,3.858181,259,26606,10.94,177.78
107,14.609895,68,7462,6.26,31.84,4.262655,235,23381,17.13,70.53,4.358012,229,25124,5.47,152.38,3.842732,260,26866,10.94,177.78
108,14.716646,68,7530,6.28,32.02,4.555454,219,23600,17.15,70.53,4.415401,226,25350,5.50,152.38,3.933893,254,27120,10.92,177.78
109,14.345290,70,7600,6.30,32.02,4.520244,221,23821,17.17,70.53,4.231349,236,25586,5.53,152.38,3.870572,258,27378,10.91,177.78
110,14.618088,68,7668,6.32,32.11,4.547745,220,24041,17.21,70.53,4.383302,227,25813,5.56,152.38,3.953919,253,27631,10.90,177.78
111,14.553176,69,7737,6.33,32.20,4.635723,215,24256,17.23,70.53,4.403832,227,26040,5.59,152.38,3.934619,254,27885,10.90,177.78
112,14.287647,70,7807,6.34,32.28,4.708423,213,24469,17.27,70.63,4.467890,223,26263,5.62,152.38,3.935712,254,28139,10.90,177.78
113,14.579184,68,7875,6.36,32.80,4.648432,215,24684,17.28,70.63,4.433785,225,26488,5.65,152.38,4.017857,249,28388,10.89,177.78
114,14.417878,70,7945,6.38,32.89,4.795471,208,24892,17.31,70.63,4.442586,224,26712,5.69,152.47,4.028784,248,28636,10.89,177.78
115,14.221152,70,8015,6.39,32.98,4.704166,213,25105,17.32,70.63,4.482898,224,26936,5.72,152.47,3.999869,250,28886,10.89,177.78
116,14.600668,68,8083,6.41,33.16,4.582055,217,25322,17.34,70.63,4.305023,232,27168,5.75,152.47,4.003171,250,29136,10.88,177.78
117,14.439689,70,8153,6.43,33.34,4.490216,223,25545,17.37,70.74,4.455434,224,27392,5.78,152.47,3.904352,255,29391,10.87,177.77
118,14.195507,70,8223,6.44,33.53,4.521130,221,25766,17.40,70.98,4.320024,231,27623,5.81,152.47,3.915966,256,29647,10.88,179.89
119,14.542388,69,8292,6.45,33.61,4.571756,218,25984,17.42,71.95,4.288991,233,27856,5.84,152.47,4.016300,249,29896,10.87,179.89
120,14.702948,68,8360,6.47,33.96,4.330276,232,26216,17.44,71.95,4.210600,237,28093,5.87,152.47,3.981045,251,30147,10.87,179.92
121,14.350763,69,8429,6.49,34.05,4.420888,226,26442,17.47,72.18,4.288207,233,28326,5.90,152.47,3.867649,258,30405,10.86,179.99
122,14.554704,69,8498,6.50,34.05,4.358504,229,26671,17.49,72.38,4.220714,236,28562,5.93,152.47,3.950961,253,30658,10.86,179.83
123,14.957247,67,8565,6.52,34.13,4.543249,220,26891,17.50,72.38,4.184722,239,28801,5.95,152.47,3.925029,255,30913,10.86,179.85
124,14.087474,71,8636,6.53,34.13,4.514737,221,27112,17.52,73.51,4.518234,221,29022,5.98,152.47,3.852057,259,31172,10.85,179.85
125,14.508945,69,8705,6.54,34.13,4.508143,222,27334,17.53,73.51,4.132897,241,29263,6.10,209.70,3.966249,252,31424,10.87,184.99
126,14.557183,68,8773,6.56,34.56,4.834282,206,27540,17.56,74.01,4.239564,236,29499,6.13,209.70,3.870773,259,31683,10.86,184.99
127,14.206590,71,8844,6.57,34.74,4.627712,216,27756,17.57,74.01,4.169934,239,29738,6.16,209.70,3.881352,257,31940,10.86,184.99
128,14.171676,70,8914,6.59,34.83,4.596925,218,27974,17.58,74.01,4.086506,244,29982,6.19,209.70,3.923027,255,32195,10.84,184.99
129,14.556815,69,8983,6.59,34.83,4.544161,219,28193,17.59,74.03,4.315082,232,30214,6.22,209.70,3.922315,255,32450,10.84,184.99
130,14.191724,71,9054,6.62,35.09,4.455266,225,28418,17.61,74.58,4.160056,240,30454,6.24,209.78,3.938421,254,32704,10.83,184.99
131,14.648726,68,9122,6.63,35.09,4.566989,219,28637,17.62,75.02,4.281361,233,30687,6.27,209.78,4.013858,248,32952,10.82,184.99
132,14.698678,67,9189,6.65,35.44,4.595467,217,28854,17.63,75.32,4.238096,235,30922,6.30,209.78,3.881126,258,33210,10.82,184.99
133,14.494012,70,9259,6.65,35.52,4.720583,212,29066,17.64,75.67,4.127912,242,31164,6.33,209.78,3.960223,253,33463,10.81,184.99
134,14.614641,68,9327,6.67,35.63,4.690528,212,29278,17.65,75.76,4.334785,230,31394,6.36,210.46,4.019154,247,33710,10.83,186.61
135,14.156258,71,9398,6.67,35.63,4.536407,221,29499,17.67,76.01,4.134826,241,31635,6.39,210.46,3.998292,251,33961,10.83,186.69
136,14.246857,70,9468,6.68,35.72,4.506813,222,29721,17.68,76.68,4.277530,234,31869,6.41,210.46,4.017591,249,34210,10.83,186.62
137,15.006203,67,9535,6.70,35.72,4.544892,220,29941,17.70,77.08,4.244734,235,32104,6.44,210.46,4.145868,241,34451,10.83,186.01
138,14.429837,69,9604,6.71,35.72,4.397653,227,30168,17.71,77.08,4.133013,241,32345,6.46,210.46,4.087841,245,34696,10.82,186.01
139,14.309707,70,9674,6.73,35.89,4.439989,225,30393,17.74,77.86,4.302252,232,32577,6.49,210.46,4.078985,245,34941,10.82,186.01
140,14.517010,69,9743,6.74,36.16,4.353769,229,30622,17.75,77.86,4.204969,237,32814,6.52,210.46,4.028250,248,35189,10.82,186.01
141,14.438745,69,9812,6.74,36.25,4.362236,229,30851,17.76,77.98,4.419709,226,33040,6.54,210.46,3.924442,254,35443,10.81,186.01
142,14.498020,69,9881,6.76,36.34,4.425084,226,31077,17.76,78.34,4.398544,227,33267,6.57,210.46,3.939981,254,35697,10.80,186.01
143,14.600061,68,9949,6.76,36.51,4.386067,228,31305,17.79,78.34,4.314095,232,33499,6.59,210.46,3.884444,258,35955,10.80,186.01
144,14.578764,69,10018,6.78,37.04,4.265337,234,31539,17.79,78.44,4.414663,226,33725,6.62,210.88,3.898393,256,36211,10.80,187.38
145,14.314942,70,10088,6.79,33.01,4.315990,232,31771,17.80,78.44,4.263612,234,33959,6.64,210.97,4.059333,246,36457,10.79,187.38
146,14.515292,69,10157,6.80,33.10,4.315488,231,32002,17.80,78.44,4.381416,228,34187,6.67,210.97,3.996278,250,36707,10.80,188.83
147,14.440342,69,10226,6.81,33.27,4.341703,230,32232,17.81,78.44,4.292415,232,34419,6.70,210.97,3.846479,260,36967,10.79,188.83
148,14.606127,68,10294,6.82,33.36,4.481787,223,32455,17.81,78.44,4.334992,231,34650,6.72,211.06,3.937091,254,37221,10.78,188.83
149,15.013138,67,10361,6.83,33.44,4.401017,227,32682,17.82,78.44,4.196896,238,34888,6.75,211.11,3.855881,259,37480,10.78,188.83
150,14.744591,68,10429,6.84,33.79,4.287070,234,32916,17.82,78.51,4.284808,233,35121,6.77,211.79,3.947745,253,37733,10.78,188.83
151,14.431693,69,10498,6.85,33.97,4.503786,221,33137,17.83,78.54,4.349758,229,35350,6.80,211.79,3.905064,257,37990,10.78,190.20
152,14.730873,67,10565,6.86,34.06,4.445562,225,33362,17.83,78.54,4.230572,236,35586,6.82,212.56,3.877393,257,38247,10.77,190.20
153,14.599701,69,10634,6.86,34.15,4.525309,221,33583,17.84,78.54,4.199530,238,35824,6.84,212.64,3.888712,257,38504,10.76,190.20
154,14.430155,69,10703,6.88,34.32,4.487465,223,33806,17.85,78.66,4.486532,223,36047,6.87,213.32,3.821698,262,38766,10.76,190.20
155,14.747319,68,10771,6.88,34.52,4.537449,220,34026,17.86,78.66,4.464023,223,36270,6.90,213.32,3.879412,258,39024,10.74,190.20
156,14.206601,71,10842,6.90,34.61,4.646167,215,34241,17.86,78.78,4.315055,232,36502,6.92,213.32,3.933015,254,39278,10.74,190.20
157,14.583330,68,10910,6.91,34.73,4.479478,221,34462,17.87,78.89,4.317784,231,36733,6.94,213.33,3.891979,257,39535,10.74,190.20
158,14.493924,68,10978,6.91,34.73,4.452019,225,34687,17.89,79.12,4.215590,236,36969,6.97,213.33,3.855500,259,39794,10.73,190.20
159,15.066783,68,11046,6.91,34.73,4.592467,219,34906,17.89,79.12,4.266858,234,37203,6.99,213.33,3.937312,254,40048,10.73,190.20
160,14.367061,69,11115,6.93,34.73,4.551861,219,35125,17.90,79.12,4.198734,237,37440,7.02,213.33,3.885055,257,40305,10.73,190.20
161,14.781346,68,11183,6.94,34.92,4.456450,223,35348,17.91,79.12,4.266828,235,37675,7.05,213.42,3.958796,253,40558,10.73,190.20
162,14.914387,67,11250,6.95,34.92,4.531377,222,35570,17.89,79.12,4.267410,234,37909,7.08,213.42,4.012905,249,40807,10.73,191.90
163,14.624098,68,11318,6.96,35.19,4.579958,218,35788,17.90,79.32,4.410427,226,38135,7.10,213.42,3.927952,254,41061,10.72,191.90
164,15.165582,66,11384,6.97,35.38,4.602949,217,36005,17.91,79.53,4.311707,232,38367,7.12,213.42,3.971393,252,41313,10.72,191.90
165,15.126863,66,11450,6.98,35.65,4.623326,216,36221,17.91,79.59,4.208006,237,38604,7.15,213.42,3.931662,254,41567,10.71,191.90
166,14.817349,68,11518,7.00,36.00,4.670520,214,36435,17.92,79.79,4.449030,224,38828,7.17,213.42,4.004699,250,41817,10.71,191.90
167,14.182347,70,11588,7.00,36.30,4.668478,215,36650,17.93,79.88,4.493722,222,39050,7.29,280.77,4.023374,248,42065,10.70,191.90
168,13.903344,72,11660,7.01,36.30,4.611669,216,36866,17.93,80.21,4.276973,234,39284,7.32,280.77,3.951039,253,42318,10.70,192.59
169,13.848755,72,11732,7.02,36.39,4.506179,222,37088,17.95,80.85,4.200877,237,39521,7.34,280.77,3.934769,254,42572,10.70,192.59
170,14.162432,71,11803,7.04,36.50,4.474597,223,37311,17.96,81.34,4.194271,238,39759,7.36,280.77,4.020033,249,42821,10.68,192.59
171,14.291783,70,11873,7.04,36.59,4.723756,211,37522,17.96,81.34,4.236928,236,39995,7.39,280.77,4.058826,246,43067,10.68,192.59
172,14.043691,71,11944,7.05,36.59,4.616806,215,37737,17.97,81.38,4.227529,236,40231,7.41,280.77,3.968413,252,43319,10.67,192.59
173,13.676296,73,12017,7.06,36.76,4.529175,223,37960,17.98,81.51,4.242277,235,40466,7.43,280.77,4.008949,249,43568,10.67,192.59
174,13.953329,71,12088,7.07,36.94,4.544113,219,38179,17.99,81.53,4.324064,231,40697,7.46,280.77,4.083833,245,43813,10.67,192.59
175,13.802721,73,12161,7.08,37.11,4.543749,221,38400,18.00,82.06,4.285717,232,40929,7.48,280.77,4.100045,244,44057,10.67,192.59
176,14.197219,71,12232,7.09,37.20,4.625979,216,38616,18.01,82.06,4.401334,227,41156,7.50,280.77,4.032812,248,44305,10.67,192.59
177,14.187285,70,12302,7.09,37.29,4.470098,223,38839,18.02,82.33,4.344840,230,41386,7.52,280.77,4.013850,249,44554,10.66,192.59
178,14.261851,70,12372,7.11,37.38,4.409354,227,39066,18.04,82.67,4.410297,226,41612,7.54,280.77,4.029555,248,44802,10.66,192.59
179,13.926341,72,12444,7.11,37.47,4.463553,224,39290,18.04,82.76,4.420908,226,41838,7.57,280.77,3.963621,252,45054,10.66,192.59
180,14.305742,70,12514,7.14,37.82,4.398934,226,39516,18.04,82.76,4.433427,225,42063,7.59,280.77,3.997617,250,45304,10.67,194.29
181,13.623700,73,12587,7.15,38.29,4.493659,223,39739,18.06,83.88,4.262405,235,42298,7.61,280.77,3.926358,255,45559,10.67,194.29
182,13.384580,75,12662,7.16,38.29,4.361388,229,39968,18.07,83.88,4.180356,239,42537,7.64,280.77,4.011298,248,45807,10.67,194.29
183,13.523817,74,12736,7.16,38.29,4.266910,233,40201,18.08,84.20,4.395012,227,42764,7.66,280.77,4.068534,246,46053,10.67,199.46
184,13.432988,74,12810,7.18,38.49,4.353884,230,40431,18.09,84.20,4.280633,233,42997,7.68,280.77,4.041716,248,46301,10.67,199.46
185,13.953519,72,12882,7.18,38.92,4.452288,223,40654,18.09,84.30,4.377318,228,43225,7.70,280.77,4.004739,250,46551,10.66,199.46
186,13.885926,72,12954,7.19,39.18,4.649119,216,40870,18.11,84.42,4.439060,225,43450,7.72,280.77,4.044540,247,46798,10.66,199.46
187,13.511309,74,13028,7.20,39.27,4.595541,217,41087,18.12,84.42,4.349098,230,43680,7.75,280.77,3.983535,251,47049,10.66,199.46
188,13.735986,73,13101,7.21,39.27,4.649141,215,41302,18.13,84.42,4.347892,229,43909,7.77,280.77,4.006870,249,47298,10.66,199.46
189,13.120581,76,13177,7.22,39.27,4.576173,219,41521,18.15,84.42,4.225361,237,44146,7.79,280.77,4.152957,241,47539,10.66,201.85
190,13.355210,75,13252,7.23,39.27,4.612342,216,41737,18.15,84.54,4.247246,234,44380,7.80,280.77,4.081987,245,47784,10.66,201.85
191,13.474162,74,13326,7.24,39.44,4.671084,214,41951,18.16,84.75,4.290098,233,44613,7.83,280.77,4.054846,246,48030,10.65,201.85
192,13.757512,73,13399,7.24,40.25,4.592198,218,42169,18.17,84.75,4.166523,240,44853,7.85,280.77,4.048621,247,48277,10.65,201.85
193,14.130517,70,13469,7.25,40.25,4.678098,213,42382,18.19,84.85,4.206006,237,45090,7.87,280.77,4.141723,241,48518,10.65,201.85
194,13.864933,72,13541,7.26,40.42,4.732045,211,42593,18.19,84.85,4.220924,236,45326,7.90,280.77,3.980093,252,48770,10.65,201.85
195,13.819047,72,13613,7.27,40.42,4.690213,213,42806,18.21,84.85,4.174254,240,45566,7.92,280.77,4.018044,249,49019,10.65,201.85
196,14.123230,72,13685,7.27,40.42,4.587314,218,43024,18.22,84.97,4.140124,241,45807,7.94,282.21,4.082388,244,49263,10.65,201.85
197,13.877666,72,13757,7.28,40.42,4.558077,219,43243,18.22,84.97,4.017787,248,46055,7.96,282.29,4.019941,249,49512,10.65,201.85
198,13.315384,75,13832,7.29,40.80,4.477801,223,43466,18.23,85.07,4.237892,236,46291,7.98,283.06,3.937056,254,49766,10.65,203.90
199,14.101086,71,13903,7.29,40.97,4.382960,228,43694,18.24,85.07,4.138410,241,46532,8.01,283.06,4.012690,234,50000,10.64,203.90
200,13.353473,74,13977,7.30,41.06,4.632093,216,43910,18.26,85.28,4.498431,222,46754,8.03,283.40,,,,,
201,14.073014,72,14049,7.31,41.32,4.654466,215,44125,18.27,85.28,4.405319,227,46981,8.05,283.40,,,,,
202,13.689099,73,14122,7.32,41.32,4.542726,220,44345,18.28,85.39,4.293960,232,47213,8.08,283.40,,,,,
203,14.068567,71,14193,7.32,41.41,4.557713,219,44564,18.29,85.58,4.253845,235,47448,8.10,283.40,,,,,
204,13.832264,72,14265,7.33,41.97,4.489630,222,44786,18.31,85.78,4.332491,231,47679,8.12,283.48,,,,,
205,13.686878,73,14338,7.34,42.06,4.647111,216,45002,18.32,85.88,4.160815,239,47918,8.14,283.48,,,,,
206,13.590140,73,14411,7.34,42.06,4.414056,226,45228,18.32,85.97,4.329425,231,48149,8.16,283.57,,,,,
207,13.927479,72,14483,7.35,42.15,4.371231,228,45456,18.34,86.77,4.303961,232,48381,8.19,283.57,,,,,
208,13.918922,72,14555,7.36,42.32,4.548723,220,45676,18.34,86.77,4.338907,230,48611,8.21,283.57,,,,,
209,13.657182,73,14628,7.37,42.32,4.735873,211,45887,18.36,86.97,4.520102,221,48832,8.24,283.57,,,,,
210,13.919118,72,14700,7.37,42.41,4.598769,217,46104,18.36,87.34,4.626321,216,49048,8.37,386.28,,,,,
211,13.982157,72,14772,7.38,42.50,4.489422,222,46326,18.38,87.44,4.210623,237,49285,8.39,386.28,,,,,
212,13.575393,73,14845,7.39,42.50,4.493234,223,46549,18.38,87.55,4.319317,231,49516,8.41,386.28,,,,,
213,14.640285,68,14913,7.40,42.59,4.639273,216,46765,18.40,87.89,4.234959,235,49751,8.43,386.28,,,,,
214,14.567641,69,14982,7.40,42.94,4.626657,215,46980,18.42,89.05,4.245465,236,49987,8.45,386.28,,,,,
215,14.461059,69,15051,7.41,43.29,4.449719,225,47205,18.42,89.05,4.297127,13,50000,8.46,386.28,,,,,
216,14.709048,68,15119,7.41,43.29,4.372514,228,47433,18.44,89.05,,,,,,,,,,
217,14.366614,70,15189,7.42,43.38,4.264059,235,47668,18.45,89.19,,,,,,,,,,
218,14.559020,69,15258,7.42,43.47,4.521959,221,47889,18.46,89.19,,,,,,,,,,
219,15.040686,66,15324,7.43,43.56,4.520391,221,48110,18.48,90.03,,,,,,,,,,
220,14.665600,68,15392,7.44,43.65,4.547152,219,48329,18.48,90.03,,,,,,,,,,
221,14.498657,69,15461,7.44,43.82,4.600754,217,48546,18.49,90.24,,,,,,,,,,
222,14.838379,68,15529,7.45,44.18,4.528817,221,48767,18.50,90.24,,,,,,,,,,
223,14.468431,68,15597,7.45,44.26,4.618870,216,48983,18.51,90.90,,,,,,,,,,
224,14.780222,68,15665,7.45,44.35,4.461487,224,49207,18.53,91.00,,,,,,,,,,
225,14.788698,68,15733,7.47,44.70,4.645229,215,49422,18.53,91.09,,,,,,,,,,
226,14.874125,67,15800,7.47,44.70,4.426482,226,49648,18.54,91.71,,,,,,,,,,
227,15.334760,65,15865,7.47,44.87,4.407913,226,49874,18.55,91.71,,,,,,,,,,
228,14.793220,68,15933,7.48,44.96,4.552014,126,50000,18.50,91.71,,,,,,,,,,
229,14.552412,69,16002,7.48,45.23,,,,,,,,,,,,,,,
230,14.594760,68,16070,7.49,45.31,,,,,,,,,,,,,,,
231,14.992780,67,16137,7.49,45.31,,,,,,,,,,,,,,,
232,15.159743,66,16203,7.50,45.49,,,,,,,,,,,,,,,
233,14.469426,69,16272,7.50,45.84,,,,,,,,,,,,,,,
234,14.558078,69,16341,7.51,45.93,,,,,,,,,,,,,,,
235,14.439460,69,16410,7.51,46.02,,,,,,,,,,,,,,,
236,14.555094,68,16478,7.52,46.10,,,,,,,,,,,,,,,
237,14.357290,70,16548,7.52,46.10,,,,,,,,,,,,,,,
238,14.720750,68,16616,7.53,46.28,,,,,,,,,,,,,,,
239,14.699572,68,16684,7.53,46.37,,,,,,,,,,,,,,,
240,14.306599,70,16754,7.54,46.55,,,,,,,,,,,,,,,
241,14.553462,69,16823,7.55,46.72,,,,,,,,,,,,,,,
242,14.221859,69,16892,7.55,46.90,,,,,,,,,,,,,,,
243,14.357799,71,16963,7.55,46.90,,,,,,,,,,,,,,,
244,14.745305,67,17030,7.56,47.07,,,,,,,,,,,,,,,
245,14.435995,70,17100,7.56,47.25,,,,,,,,,,,,,,,
246,14.512829,69,17169,7.57,47.51,,,,,,,,,,,,,,,
247,14.385706,69,17238,7.57,47.78,,,,,,,,,,,,,,,
248,14.655376,68,17306,7.57,47.78,,,,,,,,,,,,,,,
249,14.624003,69,17375,7.58,47.96,,,,,,,,,,,,,,,
250,14.380439,69,17444,7.58,47.96,,,,,,,,,,,,,,,
251,14.564326,69,17513,7.58,47.96,,,,,,,,,,,,,,,
252,14.381413,69,17582,7.59,48.22,,,,,,,,,,,,,,,
253,14.740198,68,17650,7.60,48.31,,,,,,,,,,,,,,,
254,14.179022,71,17721,7.59,48.40,,,,,,,,,,,,,,,
255,14.525842,68,17789,7.60,48.48,,,,,,,,,,,,,,,
256,14.666354,69,17858,7.61,48.57,,,,,,,,,,,,,,,
257,14.686562,68,17926,7.61,48.75,,,,,,,,,,,,,,,
258,14.513091,69,17995,7.61,49.01,,,,,,,,,,,,,,,
259,14.493422,69,18064,7.62,49.10,,,,,,,,,,,,,,,
260,14.416273,69,18133,7.62,49.28,,,,,,,,,,,,,,,
261,14.430840,69,18202,7.63,49.37,,,,,,,,,,,,,,,
262,14.241981,70,18272,7.63,49.45,,,,,,,,,,,,,,,
263,14.159602,70,18342,7.64,49.63,,,,,,,,,,,,,,,
264,14.800965,69,18411,7.64,49.72,,,,,,,,,,,,,,,
265,14.520017,68,18479,7.64,49.72,,,,,,,,,,,,,,,
266,14.680912,68,18547,7.65,49.89,,,,,,,,,,,,,,,
267,14.418563,70,18617,7.65,49.89,,,,,,,,,,,,,,,
268,14.469298,69,18686,7.65,49.89,,,,,,,,,,,,,,,
269,14.703572,68,18754,7.66,50.57,,,,,,,,,,,,,,,
270,14.296381,70,18824,7.66,50.66,,,,,,,,,,,,,,,
271,14.127602,71,18895,7.66,50.75,,,,,,,,,,,,,,,
272,14.675953,68,18963,7.67,50.92,,,,,,,,,,,,,,,
273,14.280674,70,19033,7.67,51.01,,,,,,,,,,,,,,,
274,14.465358,69,19102,7.67,51.10,,,,,,,,,,,,,,,
275,14.610141,68,19170,7.68,51.19,,,,,,,,,,,,,,,
276,14.379133,70,19240,7.68,51.28,,,,,,,,,,,,,,,
277,14.702726,68,19308,7.68,51.56,,,,,,,,,,,,,,,
278,14.558883,69,19377,7.69,51.74,,,,,,,,,,,,,,,
279,14.574348,68,19445,7.69,52.01,,,,,,,,,,,,,,,
280,14.699830,68,19513,7.69,52.01,,,,,,,,,,,,,,,
281,14.590601,69,19582,7.70,52.35,,,,,,,,,,,,,,,
282,14.718324,68,19650,7.70,52.44,,,,,,,,,,,,,,,
283,14.832047,66,19716,7.70,52.53,,,,,,,,,,,,,,,
284,14.782722,69,19785,7.71,52.53,,,,,,,,,,,,,,,
285,14.674153,68,19853,7.71,52.53,,,,,,,,,,,,,,,
286,14.662129,68,19921,7.71,52.53,,,,,,,,,,,,,,,
287,14.580778,69,19990,7.72,52.97,,,,,,,,,,,,,,,
288,14.921556,67,20057,7.72,52.97,,,,,,,,,,,,,,,
289,14.580096,68,20125,7.72,53.23,,,,,,,,,,,,,,,
290,15.110878,66,20191,7.74,52.94,,,,,,,,,,,,,,,
291,15.016330,67,20258,7.75,53.37,,,,,,,,,,,,,,,
292,14.266730,70,20328,7.75,53.81,,,,,,,,,,,,,,,
293,14.235872,70,20398,7.75,53.90,,,,,,,,,,,,,,,
294,14.306799,70,20468,7.76,54.52,,,,,,,,,,,,,,,
295,14.112447,71,20539,7.76,54.52,,,,,,,,,,,,,,,
296,14.735902,68,20607,7.77,54.70,,,,,,,,,,,,,,,
297,14.885605,67,20674,7.77,54.70,,,,,,,,,,,,,,,
298,14.435944,69,20743,7.77,54.87,,,,,,,,,,,,,,,
299,14.306926,70,20813,7.78,54.96,,,,,,,,,,,,,,,
300,14.270429,70,20883,7.79,55.05,,,,,,,,,,,,,,,
301,13.805290,73,20956,7.79,55.05,,,,,,,,,,,,,,,
302,14.841229,67,21023,7.79,55.31,,,,,,,,,,,,,,,
303,14.304189,70,21093,7.80,55.40,,,,,,,,,,,,,,,
304,14.420117,69,21162,7.80,55.40,,,,,,,,,,,,,,,
305,14.495337,69,21231,7.81,55.49,,,,,,,,,,,,,,,
306,14.119420,71,21302,7.81,55.86,,,,,,,,,,,,,,,
307,14.209160,70,21372,7.81,55.95,,,,,,,,,,,,,,,
308,14.296839,70,21442,7.82,56.04,,,,,,,,,,,,,,,
309,14.324472,70,21512,7.82,56.04,,,,,,,,,,,,,,,
310,14.365460,69,21581,7.82,56.13,,,,,,,,,,,,,,,
311,14.290712,70,21651,7.83,56.22,,,,,,,,,,,,,,,
312,14.291497,70,21721,7.83,56.30,,,,,,,,,,,,,,,
313,14.176422,71,21792,7.84,56.74,,,,,,,,,,,,,,,
314,14.417713,69,21861,7.84,56.74,,,,,,,,,,,,,,,
315,14.479077,69,21930,7.84,57.00,,,,,,,,,,,,,,,
316,15.015931,67,21997,7.85,57.00,,,,,,,,,,,,,,,
317,14.394159,69,22066,7.85,57.00,,,,,,,,,,,,,,,
318,13.998008,72,22138,7.85,57.09,,,,,,,,,,,,,,,
319,13.722974,73,22211,7.86,57.53,,,,,,,,,,,,,,,
320,14.448404,69,22280,7.86,57.53,,,,,,,,,,,,,,,
321,14.121130,71,22351,7.86,57.71,,,,,,,,,,,,,,,
322,14.387616,69,22420,7.87,57.89,,,,,,,,,,,,,,,
323,14.190012,71,22491,7.87,54.51,,,,,,,,,,,,,,,
324,14.807455,67,22558,7.88,54.51,,,,,,,,,,,,,,,
325,14.299143,70,22628,7.88,54.60,,,,,,,,,,,,,,,
326,14.390632,70,22698,7.89,54.87,,,,,,,,,,,,,,,
327,14.604074,68,22766,7.89,54.87,,,,,,,,,,,,,,,
328,14.388401,69,22835,7.90,57.23,,,,,,,,,,,,,,,
329,14.629289,69,22904,7.91,59.09,,,,,,,,,,,,,,,
330,14.259401,70,22974,7.91,60.24,,,,,,,,,,,,,,,
331,14.339763,69,23043,7.92,60.69,,,,,,,,,,,,,,,
332,14.565629,69,23112,7.92,60.98,,,,,,,,,,,,,,,
333,14.316429,70,23182,7.92,60.98,,,,,,,,,,,,,,,
334,14.603859,69,23251,7.93,61.15,,,,,,,,,,,,,,,
335,14.346907,69,23320,7.93,61.15,,,,,,,,,,,,,,,
336,14.497849,69,23389,7.94,61.15,,,,,,,,,,,,,,,
337,14.523346,69,23458,7.95,64.06,,,,,,,,,,,,,,,
338,14.257966,70,23528,7.96,65.23,,,,,,,,,,,,,,,
339,14.280160,70,23598,7.97,66.20,,,,,,,,,,,,,,,
340,14.273799,70,23668,7.97,66.28,,,,,,,,,,,,,,,
341,14.250403,70,23738,7.98,66.55,,,,,,,,,,,,,,,
342,14.641169,69,23807,7.98,66.55,,,,,,,,,,,,,,,
343,14.587451,68,23875,7.99,66.72,,,,,,,,,,,,,,,
344,14.646295,68,23943,7.99,66.90,,,,,,,,,,,,,,,
345,14.638538,69,24012,8.00,66.90,,,,,,,,,,,,,,,
346,14.754847,67,24079,8.00,66.90,,,,,,,,,,,,,,,
347,14.842919,68,24147,8.01,66.90,,,,,,,,,,,,,,,
348,14.335410,70,24217,8.01,66.90,,,,,,,,,,,,,,,
349,14.668300,68,24285,8.02,66.99,,,,,,,,,,,,,,,
350,14.272901,70,24355,8.02,66.99,,,,,,,,,,,,,,,
351,14.512757,69,24424,8.03,67.24,,,,,,,,,,,,,,,
352,14.345599,69,24493,8.03,67.24,,,,,,,,,,,,,,,
353,14.189748,71,24564,8.04,67.24,,,,,,,,,,,,,,,
354,14.328173,70,24634,8.04,67.24,,,,,,,,,,,,,,,
355,14.359242,69,24703,8.05,67.24,,,,,,,,,,,,,,,
356,13.965919,72,24775,8.05,67.24,,,,,,,,,,,,,,,
357,14.519075,69,24844,8.05,67.24,,,,,,,,,,,,,,,
358,14.523564,69,24913,8.06,67.24,,,,,,,,,,,,,,,
359,14.322211,69,24982,8.06,67.24,,,,,,,,,,,,,,,
360,14.178622,71,25053,8.07,67.24,,,,,,,,,,,,,,,
361,14.012044,71,25124,8.08,67.33,,,,,,,,,,,,,,,
362,14.388106,70,25194,8.08,67.33,,,,,,,,,,,,,,,
363,14.061532,71,25265,8.08,67.33,,,,,,,,,,,,,,,
364,14.111387,71,25336,8.09,67.33,,,,,,,,,,,,,,,
365,13.960969,71,25407,8.09,67.33,,,,,,,,,,,,,,,
366,14.404323,70,25477,8.10,67.58,,,,,,,,,,,,,,,
367,14.149291,70,25547,8.10,67.58,,,,,,,,,,,,,,,
368,14.480936,69,25616,8.11,67.58,,,,,,,,,,,,,,,
369,14.111940,71,25687,8.11,67.58,,,,,,,,,,,,,,,
370,14.347112,70,25757,8.12,67.58,,,,,,,,,,,,,,,
371,14.220182,70,25827,8.12,67.58,,,,,,,,,,,,,,,
372,14.204226,70,25897,8.13,67.58,,,,,,,,,,,,,,,
373,14.284214,71,25968,8.13,67.75,,,,,,,,,,,,,,,
374,14.345457,69,26037,8.13,67.75,,,,,,,,,,,,,,,
375,14.226534,70,26107,8.14,67.75,,,,,,,,,,,,,,,
376,14.200107,71,26178,8.14,67.84,,,,,,,,,,,,,,,
377,14.509516,69,26247,8.15,67.84,,,,,,,,,,,,,,,
378,14.328276,70,26317,8.15,67.84,,,,,,,,,,,,,,,
379,14.163271,70,26387,8.16,67.92,,,,,,,,,,,,,,,
380,14.383925,70,26457,8.16,67.92,,,,,,,,,,,,,,,
381,14.215408,70,26527,8.16,67.92,,,,,,,,,,,,,,,
382,14.156150,70,26597,8.16,68.27,,,,,,,,,,,,,,,
383,14.060910,72,26669,8.17,68.27,,,,,,,,,,,,,,,
384,14.092256,71,26740,8.17,68.27,,,,,,,,,,,,,,,
385,14.136908,70,26810,8.17,68.27,,,,,,,,,,,,,,,
386,14.458634,69,26879,8.18,68.35,,,,,,,,,,,,,,,
387,14.013219,72,26951,8.18,68.35,,,,,,,,,,,,,,,
388,13.777981,72,27023,8.19,68.35,,,,,,,,,,,,,,,
389,13.915525,72,27095,8.20,68.44,,,,,,,,,,,,,,,
390,14.029138,72,27167,8.20,68.44,,,,,,,,,,,,,,,
391,14.048421,71,27238,8.20,68.44,,,,,,,,,,,,,,,
392,13.931244,71,27309,8.20,68.44,,,,,,,,,,,,,,,
393,14.286808,70,27379,8.21,68.44,,,,,,,,,,,,,,,
394,13.836444,73,27452,8.21,68.44,,,,,,,,,,,,,,,
395,14.257978,70,27522,8.21,68.44,,,,,,,,,,,,,,,
396,14.065612,71,27593,8.22,68.44,,,,,,,,,,,,,,,
397,13.915003,72,27665,8.22,68.44,,,,,,,,,,,,,,,
398,13.969450,71,27736,8.23,68.44,,,,,,,,,,,,,,,
399,14.033711,71,27807,8.22,68.44,,,,,,,,,,,,,,,
400,14.537493,69,27876,8.23,68.53,,,,,,,,,,,,,,,
401,13.972417,72,27948,8.23,68.53,,,,,,,,,,,,,,,
402,14.045976,71,28019,8.24,68.53,,,,,,,,,,,,,,,
403,13.956389,72,28091,8.23,68.62,,,,,,,,,,,,,,,
404,14.075267,71,28162,8.24,68.70,,,,,,,,,,,,,,,
405,14.127370,70,28232,8.25,68.70,,,,,,,,,,,,,,,
406,14.040497,72,28304,8.25,68.70,,,,,,,,,,,,,,,
407,14.233587,70,28374,8.25,68.70,,,,,,,,,,,,,,,
408,14.138583,71,28445,8.26,68.88,,,,,,,,,,,,,,,
409,14.430390,69,28514,8.26,68.88,,,,,,,,,,,,,,,
410,13.827067,72,28586,8.27,68.88,,,,,,,,,,,,,,,
411,14.126768,71,28657,8.26,68.88,,,,,,,,,,,,,,,
412,13.686732,73,28730,8.27,68.97,,,,,,,,,,,,,,,
413,14.177550,70,28800,8.27,68.97,,,,,,,,,,,,,,,
414,13.735788,73,28873,8.28,68.97,,,,,,,,,,,,,,,
415,13.717246,73,28946,8.28,69.05,,,,,,,,,,,,,,,
416,14.380510,70,29016,8.28,69.23,,,,,,,,,,,,,,,
417,14.273080,70,29086,8.28,69.23,,,,,,,,,,,,,,,
418,14.222143,70,29156,8.29,69.23,,,,,,,,,,,,,,,
419,13.878140,72,29228,8.28,69.23,,,,,,,,,,,,,,,
420,14.327102,70,29298,8.29,69.41,,,,,,,,,,,,,,,
421,14.315108,70,29368,8.30,69.41,,,,,,,,,,,,,,,
422,14.045454,71,29439,8.30,69.41,,,,,,,,,,,,,,,
423,13.871182,72,29511,8.30,69.49,,,,,,,,,,,,,,,
424,14.068747,71,29582,8.30,69.58,,,,,,,,,,,,,,,
425,13.832287,72,29654,8.30,69.67,,,,,,,,,,,,,,,
426,14.002169,72,29726,8.30,69.83,,,,,,,,,,,,,,,
427,13.794260,72,29798,8.31,69.92,,,,,,,,,,,,,,,
428,13.783023,73,29871,8.31,70.01,,,,,,,,,,,,,,,
429,13.876467,72,29943,8.31,70.01,,,,,,,,,,,,,,,
430,14.066671,71,30014,8.32,70.01,,,,,,,,,,,,,,,
431,13.855017,72,30086,8.32,70.01,,,,,,,,,,,,,,,
432,14.019263,71,30157,8.32,64.76,,,,,,,,,,,,,,,
433,14.217079,71,30228,8.33,64.94,,,,,,,,,,,,,,,
434,13.918693,71,30299,8.33,65.11,,,,,,,,,,,,,,,
435,13.735704,73,30372,8.33,65.20,,,,,,,,,,,,,,,
436,14.347123,70,30442,8.33,65.20,,,,,,,,,,,,,,,
437,13.853932,72,30514,8.34,65.28,,,,,,,,,,,,,,,
438,13.990068,71,30585,8.34,65.37,,,,,,,,,,,,,,,
439,14.004374,72,30657,8.34,65.54,,,,,,,,,,,,,,,
440,13.941796,72,30729,8.34,65.75,,,,,,,,,,,,,,,
441,13.855677,72,30801,8.35,65.84,,,,,,,,,,,,,,,
442,14.192005,70,30871,8.35,65.84,,,,,,,,,,,,,,,
443,13.594398,74,30945,8.35,65.92,,,,,,,,,,,,,,,
444,13.840933,72,31017,8.35,66.01,,,,,,,,,,,,,,,
445,14.040680,71,31088,8.36,66.19,,,,,,,,,,,,,,,
446,13.690150,73,31161,8.36,66.28,,,,,,,,,,,,,,,
447,14.312916,70,31231,8.36,66.53,,,,,,,,,,,,,,,
448,13.860303,72,31303,8.36,66.53,,,,,,,,,,,,,,,
449,13.748953,73,31376,8.36,66.80,,,,,,,,,,,,,,,
450,13.852935,72,31448,8.37,66.80,,,,,,,,,,,,,,,
451,13.845014,72,31520,8.37,66.80,,,,,,,,,,,,,,,
452,13.851870,72,31592,8.37,66.89,,,,,,,,,,,,,,,
453,14.043011,71,31663,8.37,66.89,,,,,,,,,,,,,,,
454,14.456990,70,31733,8.38,66.97,,,,,,,,,,,,,,,
455,14.076479,71,31804,8.39,66.97,,,,,,,,,,,,,,,
456,14.462156,69,31873,8.39,66.97,,,,,,,,,,,,,,,
457,14.099625,71,31944,8.38,66.97,,,,,,,,,,,,,,,
458,13.911905,71,32015,8.39,67.23,,,,,,,,,,,,,,,
459,13.634107,74,32089,8.40,67.43,,,,,,,,,,,,,,,
460,13.745136,73,32162,8.40,67.52,,,,,,,,,,,,,,,
461,13.862958,72,32234,8.40,67.52,,,,,,,,,,,,,,,
462,14.233164,70,32304,8.40,67.61,,,,,,,,,,,,,,,
463,13.707366,73,32377,8.41,67.61,,,,,,,,,,,,,,,
464,13.862857,72,32449,8.41,67.69,,,,,,,,,,,,,,,
465,13.439363,75,32524,8.42,68.13,,,,,,,,,,,,,,,
466,14.064172,71,32595,8.41,68.13,,,,,,,,,,,,,,,
467,14.007578,71,32666,8.41,68.31,,,,,,,,,,,,,,,
468,13.950678,72,32738,8.42,68.40,,,,,,,,,,,,,,,
469,13.958609,70,32808,8.43,68.57,,,,,,,,,,,,,,,
470,14.334600,71,32879,8.42,68.66,,,,,,,,,,,,,,,
471,14.121202,71,32950,8.42,68.66,,,,,,,,,,,,,,,
472,14.039628,71,33021,8.42,69.01,,,,,,,,,,,,,,,
473,13.649532,73,33094,8.44,69.27,,,,,,,,,,,,,,,
474,13.804008,73,33167,8.43,69.27,,,,,,,,,,,,,,,
475,13.682429,73,33240,8.43,69.36,,,,,,,,,,,,,,,
476,13.978734,71,33311,8.45,72.39,,,,,,,,,,,,,,,
477,14.471592,69,33380,8.46,73.35,,,,,,,,,,,,,,,
478,14.438232,69,33449,8.46,74.15,,,,,,,,,,,,,,,
479,14.526331,69,33518,8.46,75.03,,,,,,,,,,,,,,,
480,14.293660,70,33588,8.46,75.03,,,,,,,,,,,,,,,
481,14.558085,69,33657,8.46,75.46,,,,,,,,,,,,,,,
482,14.140883,70,33727,8.47,75.46,,,,,,,,,,,,,,,
483,14.368282,70,33797,8.47,75.55,,,,,,,,,,,,,,,
484,14.258299,70,33867,8.47,75.55,,,,,,,,,,,,,,,
485,14.319861,70,33937,8.47,75.72,,,,,,,,,,,,,,,
486,14.563177,69,34006,8.48,75.90,,,,,,,,,,,,,,,
487,14.308645,69,34075,8.48,75.99,,,,,,,,,,,,,,,
488,14.097459,72,34147,8.48,76.07,,,,,,,,,,,,,,,
489,13.958046,71,34218,8.48,76.07,,,,,,,,,,,,,,,
490,14.298340,70,34288,8.48,76.16,,,,,,,,,,,,,,,
491,13.540253,74,34362,8.49,76.43,,,,,,,,,,,,,,,
492,14.427514,69,34431,8.49,76.43,,,,,,,,,,,,,,,
493,13.777561,73,34504,8.49,76.43,,,,,,,,,,,,,,,
494,14.311807,70,34574,8.50,76.52,,,,,,,,,,,,,,,
495,14.333596,69,34643,8.49,76.61,,,,,,,,,,,,,,,
496,14.233753,71,34714,8.50,76.61,,,,,,,,,,,,,,,
497,14.237248,70,34784,8.50,76.61,,,,,,,,,,,,,,,
498,14.056012,71,34855,8.50,76.61,,,,,,,,,,,,,,,
499,13.649461,73,34928,8.50,76.61,,,,,,,,,,,,,,,
500,13.728434,73,35001,8.50,76.61,,,,,,,,,,,,,,,
501,13.946401,72,35073,8.51,76.87,,,,,,,,,,,,,,,
502,13.590017,73,35146,8.51,76.87,,,,,,,,,,,,,,,
503,13.984170,72,35218,8.53,78.15,,,,,,,,,,,,,,,
504,14.134522,70,35288,8.52,80.01,,,,,,,,,,,,,,,
505,13.965185,72,35360,8.53,80.89,,,,,,,,,,,,,,,
506,14.577159,69,35429,8.53,82.56,,,,,,,,,,,,,,,
507,14.041321,71,35500,8.53,82.56,,,,,,,,,,,,,,,
508,14.104825,71,35571,8.54,82.83,,,,,,,,,,,,,,,
509,14.224320,70,35641,8.54,82.91,,,,,,,,,,,,,,,
510,14.298466,70,35711,8.54,83.27,,,,,,,,,,,,,,,
511,14.775248,68,35779,8.54,83.53,,,,,,,,,,,,,,,
512,14.506885,68,35847,8.56,88.19,,,,,,,,,,,,,,,
513,14.501245,69,35916,8.56,89.07,,,,,,,,,,,,,,,
514,14.343616,70,35986,8.57,90.74,,,,,,,,,,,,,,,
515,14.920636,67,36053,8.57,91.00,,,,,,,,,,,,,,,
516,14.800740,68,36121,8.57,91.18,,,,,,,,,,,,,,,
517,14.767424,67,36188,8.57,91.62,,,,,,,,,,,,,,,
518,15.087842,67,36255,8.58,91.62,,,,,,,,,,,,,,,
519,14.599318,68,36323,8.58,91.62,,,,,,,,,,,,,,,
520,14.512244,69,36392,8.59,91.62,,,,,,,,,,,,,,,
521,14.729787,68,36460,8.59,91.62,,,,,,,,,,,,,,,
522,14.849374,67,36527,8.59,91.71,,,,,,,,,,,,,,,
523,14.837247,67,36594,8.60,91.79,,,,,,,,,,,,,,,
524,14.728359,68,36662,8.60,91.79,,,,,,,,,,,,,,,
525,14.545679,69,36731,8.60,91.79,,,,,,,,,,,,,,,
526,14.649409,68,36799,8.61,91.79,,,,,,,,,,,,,,,
527,14.524033,69,36868,8.61,91.79,,,,,,,,,,,,,,,
528,14.764690,68,36936,8.61,91.79,,,,,,,,,,,,,,,
529,14.588643,68,37004,8.61,91.79,,,,,,,,,,,,,,,
530,14.694861,69,37073,8.62,91.79,,,,,,,,,,,,,,,
531,14.577415,68,37141,8.62,91.79,,,,,,,,,,,,,,,
532,14.154755,71,37212,8.62,91.79,,,,,,,,,,,,,,,
533,14.443058,69,37281,8.62,91.79,,,,,,,,,,,,,,,
534,14.376177,70,37351,8.63,91.79,,,,,,,,,,,,,,,
535,14.290930,69,37420,8.63,91.79,,,,,,,,,,,,,,,
536,14.405709,70,37490,8.63,91.79,,,,,,,,,,,,,,,
537,14.818006,67,37557,8.63,91.79,,,,,,,,,,,,,,,
538,14.581224,69,37626,8.64,91.79,,,,,,,,,,,,,,,
539,14.527828,69,37695,8.64,91.79,,,,,,,,,,,,,,,
540,15.096212,66,37761,8.64,91.79,,,,,,,,,,,,,,,
541,14.547101,69,37830,8.64,91.79,,,,,,,,,,,,,,,
542,14.346452,69,37899,8.65,91.79,,,,,,,,,,,,,,,
543,14.304232,70,37969,8.65,91.79,,,,,,,,,,,,,,,
544,14.633670,68,38037,8.65,91.79,,,,,,,,,,,,,,,
545,14.094993,71,38108,8.66,91.79,,,,,,,,,,,,,,,
546,14.603688,69,38177,8.66,91.79,,,,,,,,,,,,,,,
547,14.010689,71,38248,8.66,91.79,,,,,,,,,,,,,,,
548,14.562079,69,38317,8.66,91.79,,,,,,,,,,,,,,,
549,14.424163,69,38386,8.66,91.79,,,,,,,,,,,,,,,
550,14.318767,70,38456,8.67,91.79,,,,,,,,,,,,,,,
551,14.522177,69,38525,8.67,91.79,,,,,,,,,,,,,,,
552,14.227636,70,38595,8.67,91.79,,,,,,,,,,,,,,,
553,14.515961,69,38664,8.68,91.79,,,,,,,,,,,,,,,
554,14.274934,70,38734,8.68,91.79,,,,,,,,,,,,,,,
555,14.273815,70,38804,8.68,91.79,,,,,,,,,,,,,,,
556,14.216892,70,38874,8.68,91.79,,,,,,,,,,,,,,,
557,14.557158,69,38943,8.69,91.79,,,,,,,,,,,,,,,
558,14.029526,71,39014,8.69,91.79,,,,,,,,,,,,,,,
559,14.575484,69,39083,8.69,91.79,,,,,,,,,,,,,,,
560,14.243867,70,39153,8.69,91.79,,,,,,,,,,,,,,,
561,14.620442,69,39222,8.70,91.79,,,,,,,,,,,,,,,
562,14.272040,70,39292,8.70,91.79,,,,,,,,,,,,,,,
563,14.167535,70,39362,8.70,91.79,,,,,,,,,,,,,,,
564,14.548714,69,39431,8.71,91.79,,,,,,,,,,,,,,,
565,14.521186,69,39500,8.70,91.97,,,,,,,,,,,,,,,
566,14.309422,69,39569,8.71,91.97,,,,,,,,,,,,,,,
567,14.464970,70,39639,8.71,91.97,,,,,,,,,,,,,,,
568,14.240063,70,39709,8.71,91.97,,,,,,,,,,,,,,,
569,14.385790,69,39778,8.71,91.97,,,,,,,,,,,,,,,
570,14.041402,72,39850,8.72,91.97,,,,,,,,,,,,,,,
571,14.166991,70,39920,8.72,91.97,,,,,,,,,,,,,,,
572,14.068107,71,39991,8.72,91.97,,,,,,,,,,,,,,,
573,14.243086,70,40061,8.72,91.97,,,,,,,,,,,,,,,
574,14.250500,70,40131,8.73,91.97,,,,,,,,,,,,,,,
575,14.152704,71,40202,8.73,91.97,,,,,,,,,,,,,,,
576,14.012939,71,40273,8.73,91.97,,,,,,,,,,,,,,,
577,14.302893,70,40343,8.73,91.97,,,,,,,,,,,,,,,
578,14.183203,71,40414,8.73,91.97,,,,,,,,,,,,,,,
579,13.879751,72,40486,8.74,91.97,,,,,,,,,,,,,,,
580,14.052627,71,40557,8.74,91.97,,,,,,,,,,,,,,,
581,14.252879,70,40627,8.74,91.97,,,,,,,,,,,,,,,
582,13.829023,72,40699,8.75,91.97,,,,,,,,,,,,,,,
583,13.942737,72,40771,8.75,91.97,,,,,,,,,,,,,,,
584,14.012240,72,40843,8.75,91.97,,,,,,,,,,,,,,,
585,14.054234,71,40914,8.76,91.97,,,,,,,,,,,,,,,
586,14.686944,68,40982,8.76,91.97,,,,,,,,,,,,,,,
587,14.514552,69,41051,8.76,91.97,,,,,,,,,,,,,,,
588,14.107016,71,41122,8.76,91.97,,,,,,,,,,,,,,,
589,14.272653,70,41192,8.77,91.97,,,,,,,,,,,,,,,
590,14.190675,70,41262,8.77,91.97,,,,,,,,,,,,,,,
591,14.062316,71,41333,8.77,91.97,,,,,,,,,,,,,,,
592,14.268990,70,41403,8.78,91.97,,,,,,,,,,,,,,,
593,14.300399,70,41473,8.78,91.97,,,,,,,,,,,,,,,
594,14.532123,69,41542,8.78,91.97,,,,,,,,,,,,,,,
595,14.030615,71,41613,8.78,91.97,,,,,,,,,,,,,,,
596,14.256530,70,41683,8.78,91.97,,,,,,,,,,,,,,,
597,14.254743,70,41753,8.78,91.97,,,,,,,,,,,,,,,
598,14.207297,71,41824,8.79,91.97,,,,,,,,,,,,,,,
599,13.890081,72,41896,8.78,91.97,,,,,,,,,,,,,,,
600,13.750004,72,41968,8.79,91.97,,,,,,,,,,,,,,,
601,13.846380,73,42041,8.80,92.14,,,,,,,,,,,,,,,
602,13.708782,72,42113,8.80,92.14,,,,,,,,,,,,,,,
603,13.862509,73,42186,8.80,92.14,,,,,,,,,,,,,,,
604,13.960180,71,42257,8.80,92.14,,,,,,,,,,,,,,,
605,13.639928,74,42331,8.81,92.41,,,,,,,,,,,,,,,
606,14.225395,70,42401,8.80,92.41,,,,,,,,,,,,,,,
607,13.625240,73,42474,8.80,92.41,,,,,,,,,,,,,,,
608,14.159891,71,42545,8.81,92.41,,,,,,,,,,,,,,,
609,14.252474,70,42615,8.81,92.41,,,,,,,,,,,,,,,
610,14.299870,70,42685,8.81,92.58,,,,,,,,,,,,,,,
611,14.283607,70,42755,8.81,92.58,,,,,,,,,,,,,,,
612,13.935638,72,42827,8.82,92.58,,,,,,,,,,,,,,,
613,13.741514,72,42899,8.82,92.58,,,,,,,,,,,,,,,
614,13.669120,73,42972,8.82,92.67,,,,,,,,,,,,,,,
615,13.839057,73,43045,8.82,92.67,,,,,,,,,,,,,,,
616,13.838673,72,43117,8.82,92.67,,,,,,,,,,,,,,,
617,13.479775,74,43191,8.82,92.67,,,,,,,,,,,,,,,
618,13.729611,73,43264,8.82,92.67,,,,,,,,,,,,,,,
619,13.406429,75,43339,8.82,92.76,,,,,,,,,,,,,,,
620,13.524865,74,43413,8.83,92.85,,,,,,,,,,,,,,,
621,13.774976,72,43485,8.83,92.85,,,,,,,,,,,,,,,
622,13.817912,72,43557,8.83,92.85,,,,,,,,,,,,,,,
623,13.676504,74,43631,8.83,92.85,,,,,,,,,,,,,,,
624,13.155072,76,43707,8.83,92.85,,,,,,,,,,,,,,,
625,13.895069,72,43779,8.83,92.85,,,,,,,,,,,,,,,
626,13.642942,73,43852,8.84,92.85,,,,,,,,,,,,,,,
627,14.031861,71,43923,8.84,92.85,,,,,,,,,,,,,,,
628,13.625954,73,43996,8.84,92.94,,,,,,,,,,,,,,,
629,13.843917,73,44069,8.84,92.94,,,,,,,,,,,,,,,
630,13.554022,73,44142,8.84,93.02,,,,,,,,,,,,,,,
631,14.011456,72,44214,8.84,93.02,,,,,,,,,,,,,,,
632,13.791521,72,44286,8.84,93.02,,,,,,,,,,,,,,,
633,14.332282,70,44356,8.85,93.11,,,,,,,,,,,,,,,
634,14.475528,69,44425,8.84,93.11,,,,,,,,,,,,,,,
635,14.470432,69,44494,8.85,93.38,,,,,,,,,,,,,,,
636,14.372553,69,44563,8.85,93.38,,,,,,,,,,,,,,,
637,14.624862,69,44632,8.85,93.46,,,,,,,,,,,,,,,
638,13.966845,71,44703,8.85,93.55,,,,,,,,,,,,,,,
639,14.161897,71,44774,8.85,93.55,,,,,,,,,,,,,,,
640,14.259272,70,44844,8.85,93.81,,,,,,,,,,,,,,,
641,14.587831,69,44913,8.86,93.81,,,,,,,,,,,,,,,
642,14.358859,69,44982,8.85,93.90,,,,,,,,,,,,,,,
643,14.447581,70,45052,8.85,93.90,,,,,,,,,,,,,,,
644,14.650917,68,45120,8.85,93.90,,,,,,,,,,,,,,,
645,14.245589,70,45190,8.86,94.12,,,,,,,,,,,,,,,
646,14.350919,70,45260,8.88,96.06,,,,,,,,,,,,,,,
647,14.698482,68,45328,8.87,96.06,,,,,,,,,,,,,,,
648,14.921012,67,45395,8.87,96.23,,,,,,,,,,,,,,,
649,14.810824,67,45462,8.88,97.29,,,,,,,,,,,,,,,
650,14.521424,69,45531,8.87,97.37,,,,,,,,,,,,,,,
651,14.479041,69,45600,8.88,97.72,,,,,,,,,,,,,,,
652,15.081290,66,45666,8.88,97.90,,,,,,,,,,,,,,,
653,14.415660,70,45736,8.88,98.06,,,,,,,,,,,,,,,
654,14.153594,70,45806,8.88,98.15,,,,,,,,,,,,,,,
655,14.469798,69,45875,8.89,98.15,,,,,,,,,,,,,,,
656,14.641248,69,45944,8.88,98.26,,,,,,,,,,,,,,,
657,14.484009,69,46013,8.89,98.43,,,,,,,,,,,,,,,
658,14.590885,68,46081,8.89,98.43,,,,,,,,,,,,,,,
659,14.094006,71,46152,8.89,98.43,,,,,,,,,,,,,,,
660,14.004753,72,46224,8.89,98.43,,,,,,,,,,,,,,,
661,14.026176,71,46295,8.89,98.52,,,,,,,,,,,,,,,
662,14.228989,70,46365,8.90,98.79,,,,,,,,,,,,,,,
663,14.208703,70,46435,8.90,98.88,,,,,,,,,,,,,,,
664,14.942342,67,46502,8.90,98.88,,,,,,,,,,,,,,,
665,14.203693,71,46573,8.89,98.88,,,,,,,,,,,,,,,
666,14.229365,70,46643,8.89,98.88,,,,,,,,,,,,,,,
667,14.510847,69,46712,8.90,98.88,,,,,,,,,,,,,,,
668,14.481225,69,46781,8.90,99.23,,,,,,,,,,,,,,,
669,14.590963,68,46849,8.90,99.32,,,,,,,,,,,,,,,
670,14.323453,70,46919,8.91,99.32,,,,,,,,,,,,,,,
671,14.170110,71,46990,8.90,99.40,,,,,,,,,,,,,,,
672,14.220843,70,47060,8.90,99.40,,,,,,,,,,,,,,,
673,14.107187,71,47131,8.90,99.40,,,,,,,,,,,,,,,
674,14.360571,70,47201,8.91,99.58,,,,,,,,,,,,,,,
675,14.459258,69,47270,8.91,99.75,,,,,,,,,,,,,,,
676,14.368292,69,47339,8.91,99.84,,,,,,,,,,,,,,,
677,14.624042,68,47407,8.91,99.84,,,,,,,,,,,,,,,
678,14.189469,71,47478,8.91,99.84,,,,,,,,,,,,,,,
679,14.187351,71,47549,8.91,99.84,,,,,,,,,,,,,,,
680,15.007843,66,47615,8.91,100.20,,,,,,,,,,,,,,,
681,13.942684,72,47687,8.92,100.46,,,,,,,,,,,,,,,
682,14.377909,69,47756,8.92,100.46,,,,,,,,,,,,,,,
683,14.247878,71,47827,8.92,100.46,,,,,,,,,,,,,,,
684,14.656003,68,47895,8.91,100.46,,,,,,,,,,,,,,,
685,14.483183,69,47964,8.92,100.46,,,,,,,,,,,,,,,
686,14.738910,68,48032,8.91,100.54,,,,,,,,,,,,,,,
687,14.351448,69,48101,8.93,100.89,,,,,,,,,,,,,,,
688,14.629371,68,48169,8.94,101.87,,,,,,,,,,,,,,,
689,15.305875,66,48235,8.94,101.95,,,,,,,,,,,,,,,
690,15.195859,66,48301,8.94,102.57,,,,,,,,,,,,,,,
691,15.159719,66,48367,8.93,103.71,,,,,,,,,,,,,,,
692,14.986941,66,48433,8.94,104.15,,,,,,,,,,,,,,,
693,15.589571,65,48498,8.95,105.20,,,,,,,,,,,,,,,
694,14.752574,67,48565,8.95,106.33,,,,,,,,,,,,,,,
695,15.768972,64,48629,8.96,107.82,,,,,,,,,,,,,,,
696,15.004881,66,48695,8.96,108.40,,,,,,,,,,,,,,,
697,15.280310,66,48761,8.96,108.49,,,,,,,,,,,,,,,
698,14.666792,68,48829,8.96,108.76,,,,,,,,,,,,,,,
699,15.323422,65,48894,8.97,109.72,,,,,,,,,,,,,,,
700,15.482342,65,48959,8.97,109.90,,,,,,,,,,,,,,,
701,14.887452,67,49026,8.97,110.51,,,,,,,,,,,,,,,
702,14.870784,67,49093,8.97,110.51,,,,,,,,,,,,,,,
703,15.095625,66,49159,8.97,110.60,,,,,,,,,,,,,,,
704,14.850843,68,49227,8.97,110.87,,,,,,,,,,,,,,,
705,14.731868,67,49294,8.98,110.96,,,,,,,,,,,,,,,
706,15.411245,65,49359,8.98,110.96,,,,,,,,,,,,,,,
707,15.438970,65,49424,8.98,110.96,,,,,,,,,,,,,,,
708,15.236137,66,49490,8.98,110.96,,,,,,,,,,,,,,,
709,14.976588,66,49556,8.98,110.96,,,,,,,,,,,,,,,
710,14.835415,68,49624,8.98,110.96,,,,,,,,,,,,,,,
711,15.157999,66,49690,8.98,110.96,,,,,,,,,,,,,,,
712,15.114063,66,49756,8.98,110.96,,,,,,,,,,,,,,,
713,15.051594,66,49822,8.99,111.13,,,,,,,,,,,,,,,
714,14.804180,68,49890,8.99,111.13,,,,,,,,,,,,,,,
715,14.924256,67,49957,8.99,111.13,,,,,,,,,,,,,,,
716,15.279639,43,50000,8.98,111.13,,,,,,,,,,,,,,,
