unix-ts,NAME,STATE,PID,PPID,CPU,VM_RSS,VM_SIZE,FD,THREADS,CpuUsageFloat64,VmRSSBytes,VmSizeBytes
1460429223,etcd,R (running),18024,17982,0.00 %,8.7 MB,21 MB,64,5,0,8716000,21184000
1460429225,etcd,S (sleeping),18024,17982,4.98 %,18 MB,10 GB,64,13,4.98,18200000,10523372000
1460429227,etcd,S (sleeping),18024,17982,3.74 %,21 MB,10 GB,64,13,3.74,21020000,10526544000
1460429228,etcd,S (sleeping),18024,17982,3.19 %,21 MB,10 GB,64,13,3.19,21020000,10526544000
1460429229,etcd,S (sleeping),18024,17982,3.16 %,21 MB,10 GB,64,13,3.16,21020000,10526544000
1460429230,etcd,S (sleeping),18024,17982,2.85 %,21 MB,10 GB,64,13,2.85,21020000,10526544000
1460429231,etcd,S (sleeping),18024,17982,2.87 %,22 MB,10 GB,64,13,2.87,21812000,10528656000
1460429232,etcd,S (sleeping),18024,17982,53.33 %,73 MB,11 GB,64,14,53.33,72956000,10577944000
1460429233,etcd,R (running),18024,17982,98.21 %,87 MB,11 GB,64,14,98.21,86760000,10590364000
1460429234,etcd,R (running),18024,17982,136.36 %,97 MB,11 GB,64,14,136.36,97128000,10600608000
1460429235,etcd,R (running),18024,17982,168.85 %,107 MB,11 GB,64,15,168.85,106876000,10609456000
1460429239,etcd,R (running),18024,17982,262.87 %,159 MB,11 GB,64,15,262.87,158984000,10651568000
1460429240,etcd,R (running),18024,17982,279.54 %,165 MB,11 GB,64,15,279.54,165072000,10656196000
1460429241,etcd,S (sleeping),18024,17982,294.74 %,176 MB,11 GB,64,15,294.74,176156000,10666628000
